<?xml version="1.0" encoding="UTF-8"?>
<project-private xmlns="http://www.netbeans.org/ns/project-private/1">
    <editor-bookmarks xmlns="http://www.netbeans.org/ns/editor-bookmarks/2" lastBookmarkId="0"/>
    <open-files xmlns="http://www.netbeans.org/ns/projectui-open-files/2">
        <group>
            <file>file:/C:/Users/mathe/Documents/NetBeansProjects/Questionario25__2_/src/java/view/Mostrar.java</file>
            <file>file:/C:/Users/mathe/Documents/NetBeansProjects/Questionario25__2_/src/java/view/Apurar.java</file>
            <file>file:/C:/Users/mathe/Documents/NetBeansProjects/Questionario25__2_/src/java/controller/QuestaoDAO.java</file>
            <file>file:/C:/Users/mathe/Documents/NetBeansProjects/Questionario25__2_/src/java/model/Questao.java</file>
            <file>file:/C:/Users/mathe/Documents/NetBeansProjects/Questionario25__2_/src/java/view/Resultado.java</file>
            <file>file:/C:/Users/mathe/Documents/NetBeansProjects/Questionario25__2_/web/index.html</file>
        </group>
    </open-files>
</project-private>
