<?xml version="1.0" encoding="UTF-8"?>
<project-private xmlns="http://www.netbeans.org/ns/project-private/1">
    <editor-bookmarks xmlns="http://www.netbeans.org/ns/editor-bookmarks/2" lastBookmarkId="0"/>
    <open-files xmlns="http://www.netbeans.org/ns/projectui-open-files/2">
        <group>
            <file>file:/C:/Users/mathe/Documents/NetBeansProjects/ProvaTurma1_2bim_Questoes/src/java/View/Mostrar.java</file>
            <file>file:/C:/Users/mathe/Documents/NetBeansProjects/ProvaTurma1_2bim_Questoes/src/java/View/Avaliar.java</file>
            <file>file:/C:/Users/mathe/Documents/NetBeansProjects/ProvaTurma1_2bim_Questoes/src/java/Model/Questao.java</file>
            <file>file:/C:/Users/mathe/Documents/NetBeansProjects/ProvaTurma1_2bim_Questoes/web/index.html</file>
        </group>
    </open-files>
</project-private>
